,Unnamed: 0,Unnamed: 0.1,country,continent,year,lifeExp,pop,gdpPercap,iso_alpha,iso_num,Name,Country,Code,1990,2000,2010,2011,2012,2013,2014,2015,2016,2017,2018,2019,world
0,0,0,Afghanistan,Asia,2007,43.828,31889923,974.5803384,AFG,4,GDP,Afghanistan,AFG,,,15856574731.4411,17804280538.1102,20001615788.6719,20561054090.3995,20484873230.2111,19907111418.9938,19362642266.6484,20191764940.1602,19362969582.3643,,world
1,1,1,Albania,Europe,2007,76.423,3600523,5937.0295259999975,ALB,8,GDP,Albania,ALB,2028553750.0,3480355188.6006303,11926962834.9645,12890867535.5568,12319784701.3346,12776277648.9159,13228244336.3241,11386927679.0875,11861353752.0672,13025064966.5784,15102500898.238,,world
2,2,2,Algeria,Africa,2007,72.301,33333216,6223.367465,DZA,12,GDP,Algeria,DZA,62045099642.7774,54786074940.2073,161205065469.309,200015355528.47,209062886917.045,209754763860.68,213808808746.696,165978425168.386,160032930353.764,167390266100.763,173757952824.25,,world
3,3,3,Angola,Africa,2007,42.731,12420476,4797.231267,AGO,24,GDP,Angola,AGO,11228764963.1618,9129594818.60749,83799496611.2004,111789686464.441,128052853643.106,136709862831.194,145712200312.505,116193649124.151,101123851090.455,122123822333.591,105750987618.63,,world
4,4,4,Argentina,Americas,2007,75.32,40301927,12779.379640000001,ARG,32,GDP,Argentina,ARG,141352368714.691,284203750000.0,423627422092.49,530163281574.65796,545982375701.128,552025140252.246,526319673731.6379,594749285413.212,557531376217.967,642695864756.35,519871519807.795,,world
5,5,5,Australia,Oceania,2007,81.235,20434176,34435.367439999995,AUS,36,GDP,Australia,AUS,310777222008.465,415222633925.76794,1146138465603.81,1396649906339.35,1546151783872.96,1576184467015.49,1467483705131.74,1351693984524.5,1208846993739.99,1330135756844.41,1433904348500.12,,world
6,6,6,Austria,Europe,2007,79.829,8199783,36126.4927,AUT,40,GDP,Austria,AUT,166463386663.439,196799778883.36105,391892746544.69,431120310088.82,409425234155.2629,430068712971.867,441996131736.508,381817565893.574,395227684138.8621,417282900758.04297,455285818035.125,,world
7,7,7,Bahrain,Asia,2007,75.635,708573,29796.048339999998,BHR,48,GDP,Bahrain,BHR,4229787234.04255,9062898936.17021,25713271276.5957,28776622340.4255,30749335106.383,32539547872.3404,33387686170.2128,31125877659.5745,32250132978.7234,35432686170.2128,37746196808.5106,,world
8,8,8,Bangladesh,Asia,2007,64.062,150448339,1391.253792,BGD,50,GDP,Bangladesh,BGD,31598341233.559,53369787318.6245,115279077465.226,128637938711.386,133355749482.47801,149990451022.29,172885454931.453,195078678697.23,221415188000.475,249723862487.36105,274024958965.892,,world
9,9,9,Belgium,Europe,2007,79.441,10392226,33692.60508,BEL,56,GDP,Belgium,BEL,205331747706.422,236204532891.1,480951629493.03296,522645519183.591,496181260258.3,521642714407.84296,534678075827.361,462149679343.822,476056833074.336,503004504395.42896,542761092103.469,,world
10,10,10,Benin,Africa,2007,56.728,8078314,1441.284873,BEN,204,GDP,Benin,BEN,1959965243.762689,2569186642.86999,6977040762.19148,7824320326.89328,8152088222.19998,9159958825.63987,9720362615.39829,8294490789.00164,8578984066.299741,9269594834.77931,10354274634.9108,,world
11,11,11,Bolivia,Americas,2007,65.554,9119152,3822.1370840000004,BOL,68,GDP,Bolivia,BOL,4867582620.20708,8397912509.09679,19649631450.6819,23963033588.0063,27084497539.7974,30659338784.3705,32996188133.1404,33000198263.3864,33941126193.9219,37508642257.5977,40287647756.8741,,world
12,12,12,Bosnia and Herzegovina,Europe,2007,74.852,4552198,7446.298803,BIH,70,GDP,Bosnia and Herzegovina,BIH,,5505887894.48893,17176781336.7644,18644723860.9709,17226849297.07,18178503835.4491,18558343508.3435,16211540686.1355,16913330693.9653,18080118128.3854,20161865419.4327,,world
13,13,13,Botswana,Africa,2007,50.728,1639131,12569.851770000001,BWA,72,GDP,Botswana,BWA,3790567051.8677797,5788329609.15755,12786654365.8738,15351972229.5341,16067155187.0375,14901750764.9811,16250750259.0212,14420604205.7459,15646316818.3319,17405538618.3969,18616018903.4434,,world
14,14,14,Brazil,Americas,2007,72.39,190010647,9065.800825,BRA,76,GDP,Brazil,BRA,461951782000.0,655420645476.906,2208871646202.82,2616200980392.16,2465188674415.03,2472806456101.29,2455994050148.75,1802214373741.32,1796275437087.99,2053594973992.61,1868626087908.48,,world
15,15,15,Bulgaria,Europe,2007,73.005,7322858,10680.79282,BGR,100,GDP,Bulgaria,BGR,20632090909.0909,13153016530.8718,50610058210.3696,57418414504.0882,53903022339.0276,55555171009.772,56814543481.2102,50201314894.5817,53240950226.2443,58220973782.7715,65132951116.4756,,world
16,16,16,Burkina Faso,Africa,2007,52.295,14326203,1217.032994,BFA,854,GDP,Burkina Faso,BFA,3101301780.95067,2628920056.1009803,8979966766.07232,10724063457.8326,11166063466.5623,11947176341.9966,12377391462.6377,10419303761.3524,10867024151.6053,12330338343.2865,14124775068.568996,,world
17,17,17,Burundi,Africa,2007,49.58,8390505,430.07069160000003,BDI,108,GDP,Burundi,BDI,1132101252.5181699,870486065.883137,2032135246.5000398,2235820867.8274302,2333308099.46249,2451625332.74584,2705783272.07443,3104394858.11518,2959640987.29943,3172292379.36329,3036931818.18182,,world
18,18,18,Cambodia,Asia,2007,59.723,14131858,1713.7786859999999,KHM,116,GDP,Cambodia,KHM,,3677897739.0762796,11242275198.9783,12829541141.0127,14054443213.4639,15227991395.2201,16702610842.4025,18049954289.4229,20159271964.9628,22180376505.7284,24542474061.2426,,world
19,19,19,Cameroon,Africa,2007,50.43,17696293,2042.0952399999999,CMR,120,GDP,Cameroon,CMR,11151578050.7356,10083937740.0624,26143818509.6421,29337006833.0825,29104437355.0395,32348149947.3727,34942948737.3967,30916218544.4404,32621535418.9031,34922782310.6416,38675205293.0462,,world
20,20,20,Canada,Americas,2007,80.653,33390141,36319.235010000004,CAN,124,GDP,Canada,CAN,593929550908.468,742295468318.6321,1613542812589.39,1789140665202.84,1823966686523.63,1842018420853.1,1801480123070.82,1552899925233.71,1526705529135.32,1646867220617.47,1713341704877.01,,world
21,21,21,Central African Republic,Africa,2007,44.74100000000001,4369038,706.016537,CAF,140,GDP,Central African Republic,CAF,1440711395.67069,914500299.097034,2140503193.16261,2434792412.50855,2510270267.72918,1691063476.6415699,1892292911.82509,1695143879.57045,1823779165.27967,2067230996.47377,2219894701.95124,,world
22,22,22,Chad,Africa,2007,50.651,10238807,1704.0637239999999,TCD,148,GDP,Chad,TCD,1738605558.0543199,1385058161.7674599,10657705536.4978,12156380425.0825,12368071038.7362,12949854262.8127,13922223233.5184,10945989471.6286,10090922857.3905,9975692095.40855,11273115239.4255,,world
23,23,23,Chile,Americas,2007,78.553,16284741,13171.63885,CHL,152,GDP,Chile,CHL,33113887817.9731,77860932151.8471,218537551220.071,252251992029.442,267122320056.702,278384345259.474,260541629960.7289,243919085308.785,250339863130.847,277746461078.319,298231133532.74896,,world
24,24,24,China,Asia,2007,72.961,1318683096,4959.1148539999995,CHN,156,GDP,China,CHN,360857912565.966,1211346869605.24,6087164527421.24,7551500425597.77,8532230724141.76,9570405758739.79,10438529153237.6,11015542352468.9,11137945669350.6,12143491448186.1,13608151864637.9,,world
25,25,25,Colombia,Americas,2007,72.889,44227550,7006.580419,COL,170,GDP,Colombia,COL,47844090709.9908,99886577330.7271,286103648654.545,334454039093.586,370574421703.06,381866608838.8,381112119657.445,293481748240.779,282825009887.458,311789874617.096,331047040087.878,,world
26,26,26,Comoros,Africa,2007,65.152,710960,986.1478792000001,COM,174,GDP,Comoros,COM,429622147.743446,350264287.687331,907093130.3135213,1021746833.4257301,1015901205.4202801,1115906341.7772698,1148058015.47633,965640593.037584,1012147323.7934301,1074778460.9556,1177955048.65299,,world
27,27,27,"Congo, Dem. Rep.",Africa,2007,46.461999999999996,64606759,277.55185869999997,COD,180,GDP,"Congo, Dem. Rep.",COD,9349764580.36997,19088046305.7971,21565720044.4634,25839749198.8233,29306235826.3886,32679745297.6453,35909040265.9328,37917704900.0794,37134799974.5225,38019265625.8845,47227535290.9218,,world
28,28,28,"Congo, Rep.",Africa,2007,55.321999999999996,3800610,3632.557798,COG,178,GDP,"Congo, Rep.",COG,2798746050.58228,3219910550.39332,12007880438.6232,14425607179.6639,13677930123.5919,14085851348.068996,14177437982.2619,8553154580.399509,9035848070.90357,8701334800.219759,11263682694.0393,,world
29,29,29,Costa Rica,Americas,2007,78.782,4133884,9645.06142,CRI,188,GDP,Costa Rica,CRI,5711687786.75989,14949514493.331999,37268614024.3178,42262697840.385,46473128285.5589,49745088111.6953,50577769837.7462,54775994478.5095,57157992434.1805,58174549218.3352,60130106115.6294,,world
30,30,30,Cote d'Ivoire,Africa,2007,48.328,18013409,1544.750112,CIV,384,GDP,Cote d'Ivoire,CIV,10795850106.9547,10717022462.6859,24884505034.5564,25381616734.0693,26790579775.295,31264187110.3554,35316491206.7797,33131114321.6792,35296977343.6523,38053606750.5179,43007047821.7541,,world
31,31,31,Croatia,Europe,2007,75.748,4493312,14619.222719999998,HRV,191,GDP,Croatia,HRV,,21669159307.5371,59807966533.2848,62354235670.5777,56494436182.7599,58056951042.0866,57642879510.1075,49530656285.0852,51596929180.1352,55319620157.6135,60971699315.1776,,world
32,32,32,Cuba,Americas,2007,78.273,11416987,8948.102923,CUB,192,GDP,Cuba,CUB,28645436569.1489,30565400000.0,64328000000.0,68990000000.0,73141000000.0,77148000000.0,80656000000.0,87133000000.0,91370000000.0,96851000000.0,100023000000.0,,world
33,33,33,Czech Republic,Europe,2007,76.486,10228744,22833.30851,CZE,203,GDP,Czech Republic,CZE,40477403219.5176,61649492816.5201,207477857918.9189,227948349666.35397,207376427020.815,209402444996.10397,207818330723.835,186829940545.7589,195090272402.7289,215913545038.43,245225882903.37,,world
34,34,34,Denmark,Europe,2007,78.332,5468120,35278.41874,DNK,208,GDP,Denmark,DNK,138247285815.855,164158739097.62302,321995279401.502,344003137611.271,327148943812.13696,343584391647.927,352993631617.70795,302673068765.972,313115929314.339,329417067127.81604,355675329085.952,,world
35,35,35,Djibouti,Africa,2007,54.791000000000004,496374,2082.4815670000007,DJI,262,GDP,Djibouti,DJI,452328087.28287596,551230861.856505,1128611700.3618,1239144501.77525,1353632941.5207,2042817162.856389,2216200810.4847608,2445484583.05199,2618587757.14607,2766868072.24848,2955912228.2241697,,world
36,36,36,Dominican Republic,Americas,2007,72.235,9319622,6025.374752000002,DOM,214,GDP,Dominican Republic,DOM,7073675544.808471,24305116729.1851,53860187452.8829,58029773801.1283,60681535893.4288,62682158700.6381,67179956264.3268,71164826720.514,75704647977.3087,79998045976.4898,85555390387.0355,,world
37,37,37,Ecuador,Americas,2007,74.994,13755680,6873.262326000001,ECU,218,GDP,Ecuador,ECU,15239278100.3502,18327764882.4412,69555367000.0,79276664000.0,87924544000.0,95129659000.0,101726331000.0,99290381000.0,99937696000.0,104295862000.0,108398058000.0,,world
38,38,38,Egypt,Africa,2007,71.33800000000002,80264543,5581.180998,EGY,818,GDP,"Egypt, Arab Rep.",EGY,42978914311.3504,99838543960.0763,218888324504.75305,236001858960.015,279372758361.832,288586231501.877,305529656458.438,332698041030.807,332927833278.038,235369129337.71106,250894760351.232,,world
39,39,39,El Salvador,Americas,2007,71.878,6939688,5728.353514,SLV,222,GDP,El Salvador,SLV,4817542204.02673,11784927700.0,18448000000.0,20284000000.0,21386000000.0,21991000000.0,22593000000.0,23438000000.0,24154000000.0,24928000000.0,26057000000.0,,world
40,40,40,Equatorial Guinea,Africa,2007,51.57899999999999,551201,12154.08975,GNQ,226,GDP,Equatorial Guinea,GNQ,112119406.548331,1045998496.4387199,16298542027.9965,21329395900.871002,22389626329.3369,21942597765.3631,21736500712.9638,13180195435.1132,11233177619.4663,12289913729.3358,13432377049.5402,,world
41,41,41,Eritrea,Africa,2007,58.04,4906585,641.3695236000002,ERI,232,GDP,Eritrea,ERI,,706370815.584416,2117039512.1951199,2607739837.39837,,,,,,,,,world
42,42,42,Ethiopia,Africa,2007,52.946999999999996,76511887,690.8055759,ETH,231,GDP,Ethiopia,ETH,12175166763.285,8242392103.68061,29933790334.3418,31952763089.33,43310721414.0829,47648211133.2183,55612228233.5179,64589334978.8013,74296618481.0882,81760441158.7556,84355604752.5299,,world
43,43,43,Finland,Europe,2007,79.313,5238460,33207.0844,FIN,246,GDP,Finland,FIN,141438345513.917,125706651925.55699,249181190476.369,275243697751.011,258304834621.605,271285280621.37305,274497230802.958,234585368746.272,240570297852.344,254435041879.238,276743120515.764,,world
44,44,44,France,Europe,2007,80.657,61083916,30470.0167,FRA,250,GDP,France,FRA,1269179616913.63,1362248940482.77,2642609548930.36,2861408170264.61,2683825225092.63,2811077725703.59,2852165760630.27,2438207896251.84,2471285607081.72,2586285406561.51,2777535239277.98,,world
45,45,45,Gabon,Africa,2007,56.735,1454867,13206.48452,GAB,266,GDP,Gabon,GAB,5952293765.84468,5067865320.7979,14358584300.3006,18186478119.9582,17171447372.3334,17590745162.1326,18179752009.7489,14377324797.637,14014369641.7689,14892609693.1667,16853589311.4139,,world
46,46,46,Gambia,Africa,2007,59.448,1688359,752.7497265,GMB,270,GDP,"Gambia, The",GMB,317083373.52455896,782915402.421095,1543292392.54605,1409694553.9093401,1415006238.0950902,1375608956.10386,1229460601.92174,1378176868.31568,1467255923.49024,1504954957.89304,1632823198.95828,,world
47,47,47,Germany,Europe,2007,79.406,82400996,32170.37442,DEU,276,GDP,Germany,DEU,1771671207359.88,1943145384190.16,3396354075663.73,3744408602683.94,3527344944139.83,3732743446218.92,3883920155292.26,3360549973888.58,3466790065011.83,3656749414477.08,3947620162502.96,,world
48,48,48,Ghana,Africa,2007,60.022,22873338,1327.60891,GHA,288,GDP,Ghana,GHA,5889174825.4869995,4983024408.14828,32174772955.9748,39566292432.8615,41939728978.7281,63277216928.5093,53601126663.9079,49181854798.2552,55009730600.0307,58996776237.7603,65556464048.1539,,world
49,49,49,Greece,Europe,2007,79.483,10706290,27538.41188,GRC,300,GDP,Greece,GRC,97891090928.6328,130133845771.144,299361576558.217,287797822093.178,245670666639.047,239862011450.103,237029579260.722,196591353761.226,195222443512.93692,203085551429.132,218031844583.994,,world
50,50,50,Guatemala,Americas,2007,70.259,12572928,5186.050003,GTM,320,GDP,Guatemala,GTM,7650125217.35253,19288827158.9035,41338008612.7727,47654783851.8252,50388460924.7345,53851153446.6959,58722323918.1604,63767597193.9175,68663649521.7042,75620081928.17,78460447919.9915,,world
51,51,51,Guinea,Africa,2007,56.007,9947814,942.6542111,GIN,324,GDP,Guinea,GIN,2666616176.91609,2995360969.1619897,6853467857.61127,6785137172.770579,7638045254.42864,8376613843.27265,8778473614.54728,8794202443.67366,8603833218.24226,10324668266.5921,10907214993.5687,,world
52,52,52,Guinea-Bissau,Africa,2007,46.38800000000001,1472041,579.2317429999998,GNB,624,GDP,Guinea-Bissau,GNB,243961995.509785,370173838.651652,849050127.504407,1098379391.95039,989327811.785114,1045790132.98518,1053512334.17271,1047808175.0005699,1178204501.38801,1346841897.00437,1458156026.16376,,world
53,53,53,Haiti,Americas,2007,60.916000000000004,8502814,1201.637154,HTI,332,GDP,Haiti,HTI,3096289800.0,3953846310.66081,6622541528.56888,7516834160.25277,7890647021.756591,8485077205.26002,8775444941.93681,8724656126.498491,7970649131.234159,8409497402.4589,9658721168.86849,,world
54,54,54,Honduras,Americas,2007,70.19800000000001,7483763,3548.330846000001,HND,340,GDP,Honduras,HND,4923009551.51561,7103507989.050441,15839344591.9842,17710315005.9999,18528601901.323997,18499710127.8385,19756494434.7031,20979767785.2104,21717622071.3816,23100748921.7485,23969890430.7882,,world
55,55,55,"Hong Kong, China",Asia,2007,82.208,6980412,39724.97867,HKG,344,GDP,"Hong Kong SAR, China",HKG,76928290841.8701,171668164082.555,228637697575.04,248513617677.287,262629441493.476,275696879834.966,291459356985.337,309383627028.56104,320860698504.30896,341687111841.092,362682018243.286,,world
56,56,56,Hungary,Europe,2007,73.33800000000002,9956108,18008.94444,HUN,348,GDP,Hungary,HUN,,47218405892.4258,131135561228.37401,141109576981.423,128153691809.34695,135409048034.154,140558786480.464,124529741437.176,127507473625.63199,141510583019.556,157882912778.254,,world
57,57,57,Iceland,Europe,2007,81.757,301931,36180.789189999996,ISL,352,GDP,Iceland,ISL,6478459746.962279,9003639475.42485,13683689802.2771,15158548597.3876,14724078264.24,16033517529.2506,17758089312.4856,17344165907.2129,20716024757.4057,24489493459.0074,25878475760.1131,,world
58,58,58,India,Asia,2007,64.69800000000001,1110396331,2452.210407,IND,356,GDP,India,IND,320979026419.633,468394937262.37,1675615335600.56,1823050405350.42,1827637859135.7,1856722121394.53,2039127446298.55,2103587813812.75,2290432075123.75,2652242857923.91,2718732231257.57,,world
59,59,59,Indonesia,Asia,2007,70.65,223547000,3540.6515640000002,IDN,360,GDP,Indonesia,IDN,106140727357.035,165021012077.81,755094160363.0709,892969107923.0941,917869910105.749,912524136718.018,890814755233.225,860854235065.0791,931877364177.7421,1015423455783.28,1042173300625.55,,world
60,60,60,Iran,Asia,2007,70.964,69453570,11605.71449,IRN,364,GDP,"Iran, Islamic Rep.",IRN,124813263926.246,109591707802.233,487069570463.76794,583500357530.414,598853401276.1011,467414852231.299,434474616831.914,385874474398.59,418976679728.567,454012768723.589,,,world
61,61,61,Iraq,Asia,2007,59.545,27499638,4471.061906,IRQ,368,GDP,Iraq,IRQ,179885815374.719,,138516722649.573,185749664444.44397,218000986222.63892,234637674957.118,234648370497.427,177498577312.923,174878976033.941,195473049875.108,224228010477.88892,,world
62,62,62,Ireland,Europe,2007,78.885,4109086,40675.99635,IRL,372,GDP,Ireland,IRL,49364679953.1067,99852958356.3663,222148757313.006,237472361872.56,224999484104.853,238543538776.684,258471885130.304,291499812103.645,300523297712.96,334834010485.56,382487490532.479,,world
63,63,63,Israel,Asia,2007,80.745,6426679,25523.2771,ISR,376,GDP,Israel,ISR,59011278705.5248,132343042748.878,233995676194.679,261468634231.2,257180147032.142,292636164000.63696,309558454718.866,299813121212.641,318950599017.50604,353253406954.97,370587977153.58295,,world
64,64,64,Italy,Europe,2007,80.546,58147733,28569.7197,ITA,380,GDP,Italy,ITA,1181222652714.93,1143829832319.88,2134017843247.16,2291991045770.29,2087077032435.15,2141315327318.21,2159133919743.77,1835899237320.04,1875579883543.09,1956960611690.59,2083864259622.65,,world
65,65,65,Jamaica,Americas,2007,72.567,2780132,7320.880262000002,JAM,388,GDP,Jamaica,JAM,4592224067.37194,8985352831.94058,13220556882.7046,14444655299.8772,14807086889.2099,14262589157.7413,13897804560.3487,14187696311.3556,14075894320.3166,14806340821.0871,15713908816.1463,,world
66,66,66,Japan,Asia,2007,82.603,127467972,31656.06806,JPN,392,GDP,Japan,JPN,3132817652848.04,4887519660744.86,5700098114744.41,6157459594823.72,6203213121334.12,5155717056270.83,4850413536037.84,4389475622588.97,4926667087367.51,4859950558538.97,4971323079771.87,,world
67,67,67,Jordan,Asia,2007,72.535,6053193,4519.461171,JOR,400,GDP,Jordan,JOR,4160003917.4325795,8579280677.009871,26795901408.4507,29244647887.323997,31371056338.0282,34064873239.4366,36329267605.6338,38043450704.2253,39196676056.338,40708943661.9718,42231295774.6479,,world
68,68,68,Kenya,Africa,2007,54.11,35610177,1463.249282,KEN,404,GDP,Kenya,KEN,8572359162.856309,12705357103.0056,40000088346.8041,41953433591.4101,50412754861.0191,55096728047.9408,61448046801.6041,64007750178.5014,69188755511.0911,78757391333.0219,87908262519.9164,,world
69,69,69,"Korea, Dem. Rep.",Asia,2007,67.297,23301725,1593.06548,KOR,410,GDP,"Korea, Rep.",KOR,279349355713.801,561633125839.994,1094499338702.72,1202463682633.85,1222807284485.31,1305604981271.91,1411333926201.24,1382764027113.82,1414804158515.26,1530750923148.7,1619423701169.63,,world
70,70,70,"Korea, Rep.",Asia,2007,78.623,49044790,23348.13973000001,KOR,410,GDP,"Korea, Rep.",KOR,279349355713.801,561633125839.994,1094499338702.72,1202463682633.85,1222807284485.31,1305604981271.91,1411333926201.24,1382764027113.82,1414804158515.26,1530750923148.7,1619423701169.63,,world
71,71,71,Kuwait,Asia,2007,77.58800000000002,2505559,47306.98978,KWT,414,GDP,Kuwait,KWT,18427777777.7778,37712842242.5033,115419050942.08,154027536231.884,174070025008.932,174161495063.47,162631763879.129,114567298105.68301,109420059582.92,120707550280.25099,140645364238.411,,world
72,72,72,Lebanon,Asia,2007,71.993,3921278,10461.05868,LBN,422,GDP,Lebanon,LBN,2838485353.9618697,17260364842.4544,38419626533.9967,40075674295.1907,44230727694.859,46866579767.8275,48296099502.4876,49973893200.6633,51239050082.9187,53393799668.325,56639155555.5556,,world
73,73,73,Lesotho,Africa,2007,42.592,2012649,1569.331442,LSO,426,GDP,Lesotho,LSO,596415104.549144,887295267.8751551,2394600945.38102,2792049477.26553,2677545056.015589,2533992455.3330803,2608269551.8008,2289799039.79675,2314323471.3948,2565352373.26551,2738786277.79392,,world
74,74,74,Liberia,Africa,2007,45.678000000000004,3193942,414.5073415,LBR,430,GDP,Liberia,LBR,,874000000.0,1998000000.0,2398000000.0,2721000000.0,3067000000.0,3144000000.0,3177000000.0,3277826000.0,3285455000.0,3264000000.0,,world
75,75,75,Libya,Africa,2007,73.952,6036914,12057.49928,LBY,434,GDP,Libya,LBY,28901836158.1921,38270206950.41,74773444900.5368,34699395523.6073,81873662518.8238,65502870173.7831,41142722414.3351,27842131479.8726,26197143268.1243,37881431912.7565,48364208571.4286,,world
76,76,76,Madagascar,Africa,2007,59.44300000000001,19167654,1044.770126,MDG,450,GDP,Madagascar,MDG,3081479800.2876897,3877673539.09084,9982711338.11813,11551819617.6271,11578974887.9562,12423555269.3893,12522957228.1764,11323020828.5758,11848613735.1933,13176313593.5509,13853432868.227,,world
77,77,77,Malawi,Africa,2007,48.303000000000004,13327079,759.3499101,MWI,454,GDP,Malawi,MWI,1880771556.30474,1743506531.32652,6959655570.89098,8004000737.30717,6028487928.83351,5518880768.57955,6047813437.31804,6373212640.84604,5433040159.88747,6303292264.18905,7064971176.34408,,world
78,78,78,Malaysia,Asia,2007,74.241,24821286,12451.6558,MYS,458,GDP,Malaysia,MYS,44024178343.0071,93789736842.1053,255016609232.871,297951960784.31396,314443149443.149,323277158906.979,338061963396.37604,301354756113.174,301255454041.415,318958236443.122,358581943446.259,,world
79,79,79,Mali,Africa,2007,54.467,12031795,1042.581557,MLI,466,GDP,Mali,MLI,2681912030.4938397,2954129565.82965,10678749467.4697,12978107560.5982,12442747897.2223,13246412031.4145,14345831014.6335,13099497220.4728,14010787737.8424,15337740140.8637,17163432832.0957,,world
80,80,80,Mauritania,Africa,2007,64.164,3270065,1803.1514960000002,MRT,478,GDP,Mauritania,MRT,1019600785.2721199,1293654176.88438,4337794152.82681,5166346516.40948,5231255478.38986,5639818811.90095,5391555433.76476,4828858024.69136,4679346590.90909,4905893854.7486,5234817927.170871,,world
81,81,81,Mauritius,Africa,2007,72.801,1250882,10956.99112,MUS,480,GDP,Mauritius,MUS,2653480001.34558,4663313620.017071,10003670690.3497,11518393367.2403,11668685524.1265,12129642296.4425,12803445933.5894,11692287066.381,12232463655.5727,13259351418.4459,14220348672.7333,,world
82,82,82,Mexico,Americas,2007,76.195,108700891,11977.57496,MEX,484,GDP,Mexico,MEX,261253582805.945,707906744574.644,1057801295584.05,1180489601957.61,1201089987015.45,1274443084716.57,1314563967425.24,1170564619927.69,1077903618176.07,1157736189998.15,1220699479845.98,,world
83,83,83,Mongolia,Asia,2007,66.803,2874127,3095.772271000001,MNG,496,GDP,Mongolia,MNG,2560785660.0,1136896123.6129801,7189481824.07288,10409797649.3063,12292770631.1967,12582122604.1921,12226514722.0861,11749620619.5962,11186734674.3847,11425755279.5395,13066749138.3261,,world
84,84,84,Montenegro,Europe,2007,74.543,684736,9253.896111,MNE,499,GDP,Montenegro,MNE,,984297589.359934,4139192052.9801297,4538199888.796221,4087725812.6686397,4464261816.25066,4587928884.17142,4052913385.8267694,4374128318.58407,4844592066.71174,5504166666.66667,,world
85,85,85,Morocco,Africa,2007,71.164,33757175,3820.17523,MAR,504,GDP,Morocco,MAR,30180108561.9305,38857251336.3448,93216746661.5977,101370474295.10901,98266306615.3632,106825649872.108,110081248587.369,101179808076.36,103311649248.024,109714300453.983,117921394402.361,,world
86,86,86,Mozambique,Africa,2007,42.082,19951656,823.6856205,MOZ,508,GDP,Mozambique,MOZ,,5553894130.240622,11087646867.9421,14381552432.9494,16350804543.0515,16974320551.0213,17716084107.5888,15950969018.9458,11936999283.1791,13219084261.3664,14717223206.9,,world
87,87,87,Myanmar,Asia,2007,62.068999999999996,47761980,944.0,MMR,104,GDP,Myanmar,MMR,,8905066163.58643,49540813342.4834,59977326085.9908,59937797559.3295,60269734044.525986,65446199787.8425,59687410896.5734,63256184700.2223,66719084253.4803,71214803377.8284,,world
88,88,88,Namibia,Africa,2007,52.90600000000001,2055080,4811.060429,NAM,516,GDP,Namibia,NAM,2785764518.01845,3833993702.98856,11282192605.0374,12409629835.6998,13016272898.9038,12717790504.5002,12786078008.2376,11650656642.2655,11286139080.0065,13566192144.4614,14521711633.9533,,world
89,89,89,Nepal,Asia,2007,63.785,28901790,1091.359778,NPL,524,GDP,Nepal,NPL,3627562402.66027,5494252207.905021,16002656434.4746,18913574370.76,18851513891.066,19271168018.482,20002968837.9471,21410840908.5198,21185922407.5922,25180583769.9244,29040398982.3466,,world
90,90,90,Netherlands,Europe,2007,79.762,16570613,36797.93332,NLD,528,GDP,Netherlands,NLD,318330511920.61,416442786069.65204,846554894931.0841,904085980796.018,838971306990.9059,876923518850.405,890981311077.658,765264949780.999,783528181704.567,831809944960.879,913658465709.125,,world
91,91,91,New Zealand,Oceania,2007,80.204,4115771,25185.00911,NZL,554,GDP,New Zealand,NZL,45495129385.0475,52623281956.7031,146583831538.331,168461998741.295,176193696737.934,190784384693.441,200834001603.85,177208110322.70398,187854022728.45892,202590814084.99106,204923917869.355,,world
92,92,92,Nicaragua,Americas,2007,72.899,5675356,2749.320965,NIC,558,GDP,Nicaragua,NIC,1009455483.8709699,5107329007.0922,8758639096.47693,9774351930.71802,10532006608.1447,10982938825.6994,11880395548.3476,12756706583.3113,13286048705.496,13843612004.9649,13117845416.6297,,world
93,93,93,Niger,Africa,2007,56.867,12894865,619.6768923999998,NER,562,GDP,Niger,NER,2480673194.99252,1798374468.3636198,5718664504.91341,6409184724.22579,6942258305.19085,7667952566.391391,8229731383.756559,7217667780.59665,7528285443.607691,8119710126.32655,9290938457.2883,,world
94,94,94,Nigeria,Africa,2007,46.858999999999995,135031164,2013.9773050000001,NGA,566,GDP,Nigeria,NGA,54035795388.0915,69448756932.5833,363359886203.409,410334579160.752,459376049763.99896,514966287334.27704,568498937615.656,494583180777.10297,404649527537.753,375745486520.715,397269616080.90796,,world
95,95,95,Norway,Europe,2007,80.196,4627926,49357.19017,NOR,578,GDP,Norway,NOR,119791683307.50699,171247131268.604,428757038466.841,498283438454.281,509506317146.541,522761531914.894,498410050251.25604,385801550067.169,368827142857.1429,398393955268.99,434166615431.909,,world
96,96,96,Oman,Asia,2007,75.64,3204897,22316.19287,OMN,512,GDP,Oman,OMN,11685045513.6541,19507412223.6671,58642392717.8153,67937581274.3823,76689206762.0286,78784395318.5956,81076723016.9051,68921456436.9311,65941482444.7334,70597919375.8127,79276723016.9051,,world
97,97,97,Pakistan,Asia,2007,65.483,169270617,2605.94758,PAK,586,GDP,Pakistan,PAK,40010424928.715,73952374969.7995,177165635077.065,213587413183.996,224383620829.57,231218567178.9789,244360888750.807,270556131701.17105,278654637737.69,304567253219.097,314588210501.063,,world
98,98,98,Panama,Americas,2007,75.53699999999998,3242173,9809.185636,PAN,591,GDP,Panama,PAN,6433967000.0,12304115000.0,29440300000.0,34686200000.0,40429700000.0,45600000000.0,49921500000.0,54091700000.0,57957600000.0,62283800000.0,65055100000.0,,world
99,99,99,Paraguay,Americas,2007,71.752,6667147,4172.838464,PRY,600,GDP,Paraguay,PRY,5812114523.02702,8855705139.55857,27215968615.5548,33715524703.9288,33283228891.0923,38585317742.981,40276532540.8812,36164068797.2511,36054281572.3981,39008900331.6733,40496953779.071,,world
100,100,100,Peru,Americas,2007,71.421,28674757,7408.905561,PER,604,GDP,Peru,PER,26410386669.3609,51744749133.213,147528937028.778,171761737046.585,192648999090.082,201175469114.327,200789362451.567,189805300841.603,191895943823.887,211007207483.515,222044970486.21692,,world
101,101,101,Philippines,Asia,2007,71.688,91077287,3190.481016,PHL,608,GDP,Philippines,PHL,44311593755.7845,81026300310.0109,199590775190.258,224143083706.77692,250092092998.143,271836123723.678,284584522898.872,292774099013.687,304897590205.413,313619747740.18604,330910343610.956,,world
102,102,102,Poland,Europe,2007,75.563,38518241,15389.924680000002,POL,616,GDP,Poland,POL,65977748210.5263,171885598582.637,479321460551.18896,528832185770.21704,500360816827.883,524234322596.975,545389126644.476,477576866958.483,472028000405.803,526216495118.144,585663814824.044,,world
103,103,103,Portugal,Europe,2007,78.098,10642836,20509.64777,PRT,620,GDP,Portugal,PRT,78713859794.6843,118310710337.203,237880908317.65198,244797226567.1089,216236608773.976,226369502104.23602,229596170846.995,199313894327.48602,206286022781.89398,220811110492.149,240674524464.24,,world
104,104,104,Puerto Rico,Americas,2007,78.74600000000002,3942491,19328.70901,PRI,630,GDP,Puerto Rico,PRI,30603919000.0,61701800000.0,98381300000.0,100351700000.0,101564800000.0,102450000000.0,102445800000.0,103375500000.0,104336700000.0,104250200000.0,101130900000.0,,world
105,105,105,Romania,Europe,2007,72.476,22276056,10808.47561,ROU,642,GDP,Romania,ROU,38995454545.4545,37253259016.9976,166225180150.414,183443154234.73105,171196268957.961,190949066979.1761,199626806401.529,177893451831.14102,188494136775.719,211695422578.655,239552516744.469,,world
106,106,106,Rwanda,Africa,2007,46.242,8860588,863.0884639000003,RWA,646,GDP,Rwanda,RWA,2550185618.14774,1734938652.21165,5849863212.53084,6646901207.96626,7428848122.0182295,7621924854.168341,8016593394.23229,8277614580.58676,8475622319.014,9140429057.8874,9508715596.4368,,world
107,107,107,Sao Tome and Principe,Africa,2007,65.528,199579,1598.435089,STP,678,GDP,Sao Tome and Principe,STP,,,197454052.146072,233213521.69118905,252560556.021848,302925488.13174903,348941656.435664,318265835.263324,347545391.785,375040173.816889,422296762.322469,,world
108,108,108,Saudi Arabia,Asia,2007,72.777,27601038,21654.83194,SAU,682,GDP,Saudi Arabia,SAU,117630271802.40305,189514926213.333,528207200000.0,671238840106.667,735974843360.0,746647127413.333,756350347333.3341,654269902880.0,644935541440.0,688586133333.333,786521831571.957,,world
109,109,109,Senegal,Africa,2007,63.062,12267493,1712.4721359999999,SEN,686,GDP,Senegal,SEN,7237100724.341959,5924239700.81588,16215069255.5883,17878780184.8872,17825417949.4095,18960182371.4679,19770840285.9946,17767704596.9267,19027392875.8489,21081669869.9833,24129599551.7869,,world
110,110,110,Serbia,Europe,2007,74.002,10150265,9786.534714,SRB,688,GDP,Serbia,SRB,,6540247190.33529,41819468691.8251,49258136128.9672,43309252921.0567,48394239474.6762,47062206677.6539,39628550868.7509,40630392018.541,44120424391.86,50597289146.7041,,world
111,111,111,Sierra Leone,Africa,2007,42.56800000000001,6144562,862.5407561000003,SLE,694,GDP,Sierra Leone,SLE,649644826.800447,635874002.198748,2578026297.15912,2942546781.0454803,3801862611.36414,4920343194.99339,5015157815.73406,4218723875.1379,3674794530.18956,3739577973.2394295,4085114794.22324,,world
112,112,112,Singapore,Asia,2007,79.972,4553009,47143.179639999995,SGP,702,GDP,Singapore,SGP,36144336768.7023,96074477958.2366,239809387605.427,279351168707.26697,295087220933.024,307576360584.992,314851156183.411,308004146057.60803,318068476293.883,338406474038.67,364156657769.87,,world
113,113,113,Slovak Republic,Europe,2007,74.663,5447502,18678.31435,SVK,703,GDP,Slovak Republic,SVK,12747380523.1082,29169953012.7142,90183986821.6439,98997521242.3941,94416582465.2848,98723944143.6938,101171217100.824,88457167724.277,89640741266.0295,95241436351.7628,105904632155.755,,world
114,114,114,Slovenia,Europe,2007,77.926,2009245,25768.25759,SVN,705,GDP,Slovenia,SVN,18198205508.4746,20289627636.6767,48161250935.0166,51516367349.8866,46580457470.2769,48401896409.9842,49930685013.4603,43090173061.9713,44651537259.9731,48441722815.6069,54007972106.4629,,world
115,115,115,Somalia,Africa,2007,48.159,9118773,926.1410683,SOM,706,GDP,Somalia,SOM,917044228.0126787,,,,,3892402684.75612,3963532308.995969,4048860871.4132295,4198485403.87919,4508845348.32757,4720727278.18833,,world
116,116,116,South Africa,Africa,2007,49.339,43997828,9269.657808,ZAF,710,GDP,South Africa,ZAF,115552349035.441,136361298082.06099,375349442837.24,416418874936.30396,396332702639.49603,366829390478.954,350904575292.317,317620522794.82697,296357282715.109,349554116683.818,368288939768.322,,world
117,117,117,Spain,Europe,2007,80.941,40448191,28821.0637,ESP,724,GDP,Spain,ESP,536558591903.363,596877648793.072,1420722034063.0,1478772824224.03,1324820091194.67,1354757433212.72,1369398844599.58,1195119269971.52,1232076017361.53,1309309642308.24,1419041949909.82,,world
118,118,118,Sri Lanka,Asia,2007,72.396,20378239,3970.0954070000003,LKA,144,GDP,Sri Lanka,LKA,8032551173.240141,16330814179.9766,56725749221.9043,65292753005.4664,68434409315.1123,74317806538.3632,79356449840.5771,80604080688.5775,82401038709.5356,88019706803.834,88900770857.6351,,world
119,119,119,Sudan,Africa,2007,58.556000000000004,42292929,2602.394995,SDN,736,GDP,Sudan,SDN,12408647540.9836,12257418326.0734,65634109236.7736,67327289319.733,68125631150.2939,72065940085.7719,82151588418.8325,96741742021.6738,95558220776.92099,123053386001.137,40851536133.7642,,world
120,120,120,Swaziland,Africa,2007,39.613,1133066,4513.480643,SWZ,748,GDP,Eswatini,SWZ,1114703088.1614,1738100848.09721,4438778553.635329,4820499498.18209,4886658800.24361,4597702897.95031,4422304976.52658,4073390988.34931,3840677844.5785203,4446248678.17126,4710618471.93167,,world
121,121,121,Sweden,Europe,2007,80.884,9031088,33859.74835,SWE,752,GDP,Sweden,SWE,259702295566.6689,261337451703.7389,495328620126.02795,572744002632.359,550926978153.434,584637790103.989,580249344644.964,503650641896.128,515744370225.386,540545236387.733,556086488936.559,,world
122,122,122,Switzerland,Europe,2007,81.70100000000002,7554661,37506.419069999996,CHE,756,GDP,Switzerland,CHE,258066552980.132,272055305542.397,583783396408.582,699579502158.199,668043476123.359,688504215507.0289,709182183359.8441,679832391757.542,671308872735.114,679950915261.1221,705140354166.312,,world
123,123,123,Syria,Asia,2007,74.143,19314747,4184.548089,SYR,760,GDP,Syrian Arab Republic,SYR,12308624283.9787,19325894913.1254,,,,,,,,,,,world
124,124,124,Tanzania,Africa,2007,52.516999999999996,38139640,1107.482182,TZA,834,GDP,Tanzania,TZA,4258743262.82876,13375976353.6994,32014249841.4151,34657139495.4031,39650530214.3287,45680532613.7591,49964788814.0927,47378599025.3044,49774021003.0747,53320625958.5628,58001200572.3965,,world
125,125,125,Thailand,Asia,2007,70.616,65068149,7458.396326999998,THA,764,GDP,Thailand,THA,85343063965.9182,126392308497.74901,341105009515.333,370818747396.83295,397558094269.877,420333333333.33295,407339361695.577,401295970240.33704,412352789519.611,455275517239.3471,504992757704.997,,world
126,126,126,Togo,Africa,2007,58.42,5701579,882.9699437999999,TGO,768,GDP,Togo,TGO,1628427515.41881,1488185772.47585,3426022205.75557,3867391618.08827,3873529926.2272296,4320427495.74933,4569131195.45321,4179185205.161221,4483932937.18367,4808043652.61932,5358722982.70893,,world
127,127,127,Trinidad and Tobago,Americas,2007,69.819,1056608,18008.50924,TTO,780,GDP,Trinidad and Tobago,TTO,5068000000.0,8154338232.95978,22157948396.2042,25433011405.3017,25763220107.0051,27268478564.5547,27615843098.0949,25062893969.3292,22284780326.8856,22474828527.1775,23808146747.7994,,world
128,128,128,Tunisia,Africa,2007,73.923,10276158,7092.923025,TUN,788,GDP,Tunisia,TUN,12290568181.8182,21473188881.5933,44050929160.2627,45810626509.4474,45044112939.3687,46251061734.4741,47632326088.237,43173480831.9739,41802653631.2849,39813383483.5083,39871132267.9361,,world
129,129,129,Turkey,Europe,2007,71.777,71158647,8458.276384,TUR,792,GDP,Turkey,TUR,150676291094.21,272979390333.738,771901768870.083,832523680908.06,873982246611.9541,950579413122.56,934185915386.096,859796872677.614,863721648068.8059,852676778300.885,771350330455.2671,,world
130,130,130,Uganda,Africa,2007,51.542,29170398,1056.3801210000001,UGA,800,GDP,Uganda,UGA,4304398865.88268,6193246837.09687,20186496527.1256,20176025256.9153,23114293416.3905,24599550623.7254,27291879819.3622,27102650386.6012,24133664284.5089,25995031850.1545,27461440192.3549,,world
131,131,131,United Kingdom,Europe,2007,79.425,60776238,33203.26128,GBR,826,GDP,United Kingdom,GBR,1093169389204.55,1657816613708.58,2475244321361.11,2659310054646.23,2704887678386.72,2786022872706.81,3063803240208.01,2928591002002.51,2694283209613.29,2666229179958.01,2855296731521.96,,world
132,132,132,United States,Americas,2007,78.242,301139947,42951.65309,USA,840,GDP,United States,USA,5963144000000.0,10252345464000.0,14992052727000.0,15542581104000.0,16197007349000.0,16784849190000.0,17521746534000.0,18219297584000.0,18707188235000.0,19485393853000.0,20544343456936.5,,world
133,133,133,Uruguay,Americas,2007,76.384,3447496,10611.46299,URY,858,GDP,Uruguay,URY,9298839655.23139,22823255801.8447,40284481653.4343,47962439302.6658,51264390114.2305,57531233351.2089,57236013057.6443,53274304222.1829,52687612262.177,56488991831.0239,59596885024.3487,,world
134,134,134,Venezuela,Americas,2007,73.747,26084662,11415.805690000001,VEN,862,GDP,"Venezuela, RB",VEN,48598315565.032005,117140723529.41199,393192354510.65295,316482190800.364,381286237847.6671,371005379786.5661,482359318767.7029,,,,,,world
135,135,135,Vietnam,Asia,2007,74.249,85262356,2441.576404,VNM,704,GDP,Vietnam,VNM,6471740805.5698395,31172518403.3162,115931749697.241,135539438559.709,155820001920.492,171222025117.38098,186204652922.262,193241108709.536,205276172134.901,223779865815.183,245213686369.1569,,world
136,136,136,West Bank and Gaza,Asia,2007,73.422,4018332,3025.349798,PSE,275,GDP,West Bank and Gaza,PSE,,4313600000.0,8913100000.0,10465400000.0,11279400000.0,12476000000.0,12715600000.0,12673000000.0,13425700000.0,14498100000.0,14615900000.0,,world
137,137,137,"Yemen, Rep.",Asia,2007,62.698,22211743,2280.769906,YEM,887,GDP,"Yemen, Rep.",YEM,5647119229.007628,9652436179.64605,30906749533.221,32726417878.391006,35401339869.3055,40415233436.1767,43228585321.3272,42628328212.1041,30968242967.7823,26818703092.5852,26914402223.7828,,world
138,138,138,Zambia,Africa,2007,42.38399999999999,11746035,1271.211593,ZMB,894,GDP,Zambia,ZMB,3285217391.30435,3600683039.7325397,20265556273.582,23460098339.7453,25503370699.2015,28045460442.1876,27150630607.2032,21243350632.5008,20954754378.1394,25868142076.7897,26720073435.9014,,world
139,139,139,Zimbabwe,Africa,2007,43.486999999999995,12311143,469.70929810000007,ZWE,716,GDP,Zimbabwe,ZWE,8783816700.0,6689957600.0,12041655200.0,14101920300.0,17114849900.0,19091020000.0,19495519600.0,19963120600.0,20548678100.0,22813010116.1292,31000519447.175,,world
